{
	"info": {
		"_postman_id": "bc34da88-f395-42b8-9b09-9e67d1c30569",
		"name": "Base API",
		"schema": "https://schema.getpostman.com/json/collection/v2.1.0/collection.json"
	},
	"item": [
		{
			"name": "Login",
			"request": {
				"method": "POST",
				"header": [
					{
						"key": "Content-Type",
						"name": "Content-Type",
						"value": "application/json",
						"type": "text"
					}
				],
				"body": {
					"mode": "raw",
					"raw": "{\n\t\"email\": \"test@test.com\",\n\t\"password\": \"123456\"\n}",
					"options": {
						"raw": {
							"language": "json"
						}
					}
				},
				"url": {
					"raw": "{{url}}auth/login",
					"host": [
						"{{url}}auth"
					],
					"path": [
						"login"
					]
				}
			},
			"response": []
		},
		{
			"name": "Singup",
			"request": {
				"method": "POST",
				"header": [
					{
						"key": "Content-Type",
						"name": "Content-Type",
						"value": "application/json",
						"type": "text"
					}
				],
				"body": {
					"mode": "raw",
					"raw": "{\n\t\"email\": \"user@one.com\",\n\t\"password\": \"12345\"\n}",
					"options": {
						"raw": {
							"language": "json"
						}
					}
				},
				"url": {
					"raw": "{{url}}auth/signup",
					"host": [
						"{{url}}auth"
					],
					"path": [
						"signup"
					]
				}
			},
			"response": []
		}
	],
	"protocolProfileBehavior": {}
}